id,nome,telefone,email,senha,endereco,cidade,estado,data_nascimento,categoria,fotoCompetidor,cpf,idade,genero,graduacao,peso,equipe,equipeImg,professor,responsavel,cpfResp,fotoResp,kimono,createdAt,updatedAt
1,João Silva,(11) 98765-4321,joao.silva@email.com,senha123,Rua A, São Paulo, SP,1995-02-15,Masculino,foto1.jpg,1234567890123,30,Masculino,Branca,75,Equipe A,,Professor A,,,"fotoResp1.jpg",Branco,2025-05-14,2025-05-14
2,Lucas Souza,(11) 98765-4322,lucas.souza@email.com,senha123,Rua B, São Paulo, SP,1996-03-20,Masculino,foto2.jpg,1234567890124,29,Masculino,Branca,75,Equipe A,,Professor A,,,"fotoResp2.jpg",Branco,2025-05-14,2025-05-14
3,Pedro Costa,(11) 98765-4323,pedro.costa@email.com,senha123,Rua C, São Paulo, SP,1997-04-25,Masculino,foto3.jpg,1234567890125,28,Masculino,Branca,75,Equipe A,,Professor A,,,"fotoResp3.jpg",Branco,2025-05-14,2025-05-14
4,Carlos Lima,(11) 98765-4324,carlos.lima@email.com,senha123,Rua D, São Paulo, SP,1998-05-30,Masculino,foto4.jpg,1234567890126,27,Masculino,Branca,75,Equipe A,,Professor A,,,"fotoResp4.jpg",Branco,2025-05-14,2025-05-14
5,Felipe Oliveira,(11) 98765-4325,felipe.oliveira@email.com,senha123,Rua E, São Paulo, SP,1995-06-10,Masculino,foto5.jpg,1234567890127,30,Masculino,Branca,75,Equipe A,,Professor A,,,"fotoResp5.jpg",Branco,2025-05-14,2025-05-14
6,André Martins,(11) 98765-4326,andre.martins@email.com,senha123,Rua F, São Paulo, SP,1996-07-15,Masculino,foto6.jpg,1234567890128,29,Masculino,Branca,75,Equipe A,,Professor A,,,"fotoResp6.jpg",Branco,2025-05-14,2025-05-14
7,Thiago Pereira,(11) 98765-4327,thiago.pereira@email.com,senha123,Rua G, São Paulo, SP,1997-08-20,Masculino,foto7.jpg,1234567890129,28,Masculino,Branca,75,Equipe A,,Professor A,,,"fotoResp7.jpg",Branco,2025-05-14,2025-05-14
8,Rafael Santos,(11) 98765-4328,rafael.santos@email.com,senha123,Rua H, São Paulo, SP,1998-09-25,Masculino,foto8.jpg,1234567890130,27,Masculino,Branca,75,Equipe A,,Professor A,,,"fotoResp8.jpg",Branco,2025-05-14,2025-05-14
